Seller_ID,Seller_Name,Location,Rating,Total_Products
SELL_1,Seller_1,Delhi,2.9,467
SELL_2,Seller_2,Mumbai,4.0,152
SELL_3,Seller_3,Pune,2.8,332
SELL_4,Seller_4,Bangalore,2.2,404
SELL_5,Seller_5,Hyderabad,3.9,133
SELL_6,Seller_6,Hyderabad,3.5,463
SELL_7,Seller_7,Delhi,2.8,217
SELL_8,Seller_8,Delhi,3.0,284
SELL_9,Seller_9,Kolkata,4.1,395
SELL_10,Seller_10,Chennai,2.5,313
SELL_11,Seller_11,Mumbai,2.8,60
SELL_12,Seller_12,Bangalore,4.9,99
SELL_13,Seller_13,Kolkata,2.5,274
SELL_14,Seller_14,Bangalore,3.9,473
SELL_15,Seller_15,Chennai,2.5,125
SELL_16,Seller_16,Kolkata,4.0,171
SELL_17,Seller_17,Bangalore,4.7,437
SELL_18,Seller_18,Kolkata,4.8,364
SELL_19,Seller_19,Delhi,2.7,294
SELL_20,Seller_20,Jaipur,3.9,296
SELL_21,Seller_21,Mumbai,3.4,161
SELL_22,Seller_22,Chennai,2.3,167
SELL_23,Seller_23,Delhi,4.7,352
SELL_24,Seller_24,Kolkata,4.4,315
SELL_25,Seller_25,Delhi,3.8,97
SELL_26,Seller_26,Pune,4.9,468
SELL_27,Seller_27,Kolkata,3.5,346
SELL_28,Seller_28,Delhi,3.0,66
SELL_29,Seller_29,Kolkata,2.3,127
SELL_30,Seller_30,Jaipur,3.5,163
SELL_31,Seller_31,Kolkata,2.9,272
SELL_32,Seller_32,Hyderabad,3.1,215
SELL_33,Seller_33,Chennai,4.9,462
SELL_34,Seller_34,Bangalore,4.4,447
SELL_35,Seller_35,Pune,3.0,456
SELL_36,Seller_36,Bangalore,3.1,108
SELL_37,Seller_37,Hyderabad,2.6,166
SELL_38,Seller_38,Kolkata,4.5,480
SELL_39,Seller_39,Hyderabad,4.0,242
SELL_40,Seller_40,Mumbai,4.6,212
SELL_41,Seller_41,Bangalore,3.1,339
SELL_42,Seller_42,Kolkata,3.1,454
SELL_43,Seller_43,Mumbai,4.9,498
SELL_44,Seller_44,Hyderabad,3.2,95
SELL_45,Seller_45,Jaipur,4.9,128
SELL_46,Seller_46,Chennai,3.1,370
SELL_47,Seller_47,Jaipur,4.1,323
SELL_48,Seller_48,Pune,2.2,326
SELL_49,Seller_49,Pune,3.2,55
SELL_50,Seller_50,Mumbai,4.3,315
SELL_51,Seller_51,Hyderabad,2.2,107
SELL_52,Seller_52,Mumbai,4.7,112
SELL_53,Seller_53,Chennai,3.2,273
SELL_54,Seller_54,Kolkata,4.1,230
SELL_55,Seller_55,Jaipur,4.5,131
SELL_56,Seller_56,Mumbai,4.0,62
SELL_57,Seller_57,Delhi,2.3,377
SELL_58,Seller_58,Bangalore,3.4,269
SELL_59,Seller_59,Pune,2.7,284
SELL_60,Seller_60,Pune,3.7,85
SELL_61,Seller_61,Chennai,3.4,90
SELL_62,Seller_62,Hyderabad,2.3,196
SELL_63,Seller_63,Delhi,2.5,490
SELL_64,Seller_64,Jaipur,4.0,67
SELL_65,Seller_65,Jaipur,4.6,201
SELL_66,Seller_66,Pune,4.5,353
SELL_67,Seller_67,Delhi,4.3,486
SELL_68,Seller_68,Kolkata,2.6,89
SELL_69,Seller_69,Pune,3.0,139
SELL_70,Seller_70,Pune,4.5,63
SELL_71,Seller_71,Chennai,4.3,270
SELL_72,Seller_72,Chennai,3.6,220
SELL_73,Seller_73,Pune,3.7,475
SELL_74,Seller_74,Mumbai,3.2,459
SELL_75,Seller_75,Jaipur,2.9,370
SELL_76,Seller_76,Mumbai,4.8,174
SELL_77,Seller_77,Chennai,3.2,431
SELL_78,Seller_78,Delhi,4.1,144
SELL_79,Seller_79,Hyderabad,4.9,235
SELL_80,Seller_80,Chennai,3.6,196
SELL_81,Seller_81,Delhi,4.3,408
SELL_82,Seller_82,Bangalore,2.2,79
SELL_83,Seller_83,Mumbai,3.3,221
SELL_84,Seller_84,Pune,2.5,313
SELL_85,Seller_85,Bangalore,3.4,421
SELL_86,Seller_86,Chennai,2.3,394
SELL_87,Seller_87,Chennai,4.7,281
SELL_88,Seller_88,Mumbai,2.4,249
SELL_89,Seller_89,Mumbai,2.0,425
SELL_90,Seller_90,Delhi,3.3,66
SELL_91,Seller_91,Pune,3.8,363
SELL_92,Seller_92,Jaipur,4.1,277
SELL_93,Seller_93,Pune,5.0,57
SELL_94,Seller_94,Bangalore,3.9,197
SELL_95,Seller_95,Delhi,2.6,235
SELL_96,Seller_96,Kolkata,3.7,165
SELL_97,Seller_97,Pune,2.4,156
SELL_98,Seller_98,Chennai,3.0,287
SELL_99,Seller_99,Chennai,4.7,389
SELL_100,Seller_100,Hyderabad,2.1,471
SELL_101,Seller_101,Pune,3.2,480
SELL_102,Seller_102,Jaipur,3.3,60
SELL_103,Seller_103,Kolkata,4.1,202
SELL_104,Seller_104,Chennai,4.9,411
SELL_105,Seller_105,Hyderabad,2.9,177
SELL_106,Seller_106,Delhi,3.5,496
SELL_107,Seller_107,Delhi,2.2,106
SELL_108,Seller_108,Jaipur,3.1,436
SELL_109,Seller_109,Chennai,4.7,447
SELL_110,Seller_110,Jaipur,2.7,155
SELL_111,Seller_111,Jaipur,2.8,140
SELL_112,Seller_112,Kolkata,2.7,422
SELL_113,Seller_113,Mumbai,2.0,206
SELL_114,Seller_114,Pune,2.6,334
SELL_115,Seller_115,Chennai,4.4,365
SELL_116,Seller_116,Jaipur,4.6,276
SELL_117,Seller_117,Kolkata,2.9,436
SELL_118,Seller_118,Pune,2.6,408
SELL_119,Seller_119,Hyderabad,2.0,389
SELL_120,Seller_120,Pune,4.2,269
SELL_121,Seller_121,Chennai,4.9,300
SELL_122,Seller_122,Kolkata,3.6,117
SELL_123,Seller_123,Jaipur,2.3,52
SELL_124,Seller_124,Kolkata,4.7,288
SELL_125,Seller_125,Pune,4.0,356
SELL_126,Seller_126,Mumbai,3.6,358
SELL_127,Seller_127,Mumbai,4.8,426
SELL_128,Seller_128,Mumbai,5.0,457
SELL_129,Seller_129,Hyderabad,3.4,176
SELL_130,Seller_130,Bangalore,3.3,455
SELL_131,Seller_131,Jaipur,2.1,262
SELL_132,Seller_132,Jaipur,4.8,109
SELL_133,Seller_133,Hyderabad,2.3,53
SELL_134,Seller_134,Hyderabad,4.9,284
SELL_135,Seller_135,Jaipur,3.9,363
SELL_136,Seller_136,Pune,4.9,266
SELL_137,Seller_137,Jaipur,2.5,362
SELL_138,Seller_138,Jaipur,3.4,156
SELL_139,Seller_139,Jaipur,4.0,274
SELL_140,Seller_140,Chennai,3.5,214
SELL_141,Seller_141,Kolkata,4.0,363
SELL_142,Seller_142,Delhi,4.2,245
SELL_143,Seller_143,Delhi,2.7,456
SELL_144,Seller_144,Mumbai,2.8,158
SELL_145,Seller_145,Pune,2.5,60
SELL_146,Seller_146,Chennai,2.6,323
SELL_147,Seller_147,Delhi,2.7,490
SELL_148,Seller_148,Hyderabad,3.0,125
SELL_149,Seller_149,Bangalore,3.9,448
SELL_150,Seller_150,Delhi,3.0,246
SELL_151,Seller_151,Pune,4.5,162
SELL_152,Seller_152,Delhi,4.9,394
SELL_153,Seller_153,Mumbai,3.9,179
SELL_154,Seller_154,Hyderabad,2.4,445
SELL_155,Seller_155,Chennai,3.6,395
SELL_156,Seller_156,Delhi,3.0,464
SELL_157,Seller_157,Delhi,3.9,134
SELL_158,Seller_158,Chennai,4.0,112
SELL_159,Seller_159,Kolkata,3.4,135
SELL_160,Seller_160,Pune,3.7,95
SELL_161,Seller_161,Delhi,3.7,88
SELL_162,Seller_162,Jaipur,3.1,93
SELL_163,Seller_163,Kolkata,3.9,271
SELL_164,Seller_164,Pune,5.0,246
SELL_165,Seller_165,Kolkata,3.1,63
SELL_166,Seller_166,Delhi,3.5,500
SELL_167,Seller_167,Kolkata,2.2,128
SELL_168,Seller_168,Jaipur,2.4,267
SELL_169,Seller_169,Kolkata,4.4,300
SELL_170,Seller_170,Mumbai,3.5,85
SELL_171,Seller_171,Pune,4.8,180
SELL_172,Seller_172,Jaipur,2.6,379
SELL_173,Seller_173,Bangalore,2.6,149
SELL_174,Seller_174,Kolkata,2.6,381
SELL_175,Seller_175,Hyderabad,2.8,113
SELL_176,Seller_176,Chennai,3.3,68
SELL_177,Seller_177,Hyderabad,4.1,248
SELL_178,Seller_178,Jaipur,2.7,50
SELL_179,Seller_179,Chennai,2.6,359
SELL_180,Seller_180,Mumbai,3.9,275
SELL_181,Seller_181,Mumbai,5.0,284
SELL_182,Seller_182,Hyderabad,2.8,287
SELL_183,Seller_183,Pune,2.8,252
SELL_184,Seller_184,Pune,3.6,498
SELL_185,Seller_185,Jaipur,3.1,367
SELL_186,Seller_186,Kolkata,2.3,128
SELL_187,Seller_187,Mumbai,3.9,496
SELL_188,Seller_188,Hyderabad,4.4,280
SELL_189,Seller_189,Pune,4.1,324
SELL_190,Seller_190,Hyderabad,2.1,149
SELL_191,Seller_191,Bangalore,2.7,450
SELL_192,Seller_192,Chennai,2.8,239
SELL_193,Seller_193,Jaipur,4.4,132
SELL_194,Seller_194,Jaipur,4.3,491
SELL_195,Seller_195,Jaipur,3.4,286
SELL_196,Seller_196,Jaipur,3.7,131
SELL_197,Seller_197,Kolkata,3.6,322
SELL_198,Seller_198,Mumbai,2.1,371
SELL_199,Seller_199,Chennai,3.6,104
SELL_200,Seller_200,Pune,3.1,171
SELL_201,Seller_201,Jaipur,3.7,78
SELL_202,Seller_202,Delhi,4.6,78
SELL_203,Seller_203,Delhi,3.4,132
SELL_204,Seller_204,Delhi,2.6,301
SELL_205,Seller_205,Chennai,4.2,493
SELL_206,Seller_206,Kolkata,3.2,222
SELL_207,Seller_207,Chennai,2.1,208
SELL_208,Seller_208,Jaipur,2.4,381
SELL_209,Seller_209,Chennai,2.1,346
SELL_210,Seller_210,Delhi,2.9,81
SELL_211,Seller_211,Chennai,3.0,209
SELL_212,Seller_212,Jaipur,4.1,395
SELL_213,Seller_213,Chennai,4.2,113
SELL_214,Seller_214,Hyderabad,3.0,124
SELL_215,Seller_215,Jaipur,4.6,284
SELL_216,Seller_216,Mumbai,3.2,310
SELL_217,Seller_217,Hyderabad,4.7,285
SELL_218,Seller_218,Jaipur,4.1,187
SELL_219,Seller_219,Chennai,2.9,155
SELL_220,Seller_220,Mumbai,3.2,286
SELL_221,Seller_221,Pune,2.3,191
SELL_222,Seller_222,Hyderabad,3.8,225
SELL_223,Seller_223,Mumbai,3.9,290
SELL_224,Seller_224,Kolkata,4.5,147
SELL_225,Seller_225,Chennai,2.4,486
SELL_226,Seller_226,Kolkata,4.3,293
SELL_227,Seller_227,Kolkata,4.6,434
SELL_228,Seller_228,Bangalore,3.9,400
SELL_229,Seller_229,Jaipur,3.5,389
SELL_230,Seller_230,Jaipur,4.7,351
SELL_231,Seller_231,Chennai,4.7,117
SELL_232,Seller_232,Hyderabad,3.6,301
SELL_233,Seller_233,Bangalore,2.5,343
SELL_234,Seller_234,Hyderabad,4.9,94
SELL_235,Seller_235,Pune,2.2,93
SELL_236,Seller_236,Mumbai,3.7,86
SELL_237,Seller_237,Bangalore,4.7,403
SELL_238,Seller_238,Pune,2.0,155
SELL_239,Seller_239,Kolkata,3.9,411
SELL_240,Seller_240,Chennai,4.9,124
SELL_241,Seller_241,Bangalore,2.1,145
SELL_242,Seller_242,Delhi,5.0,85
SELL_243,Seller_243,Kolkata,2.1,147
SELL_244,Seller_244,Bangalore,4.3,132
SELL_245,Seller_245,Pune,4.9,251
SELL_246,Seller_246,Kolkata,3.7,138
SELL_247,Seller_247,Kolkata,4.8,134
SELL_248,Seller_248,Hyderabad,3.9,207
SELL_249,Seller_249,Mumbai,4.8,86
SELL_250,Seller_250,Jaipur,4.4,333
SELL_251,Seller_251,Chennai,4.4,394
SELL_252,Seller_252,Chennai,4.6,63
SELL_253,Seller_253,Bangalore,2.9,132
SELL_254,Seller_254,Bangalore,3.5,168
SELL_255,Seller_255,Kolkata,2.5,400
SELL_256,Seller_256,Hyderabad,3.4,297
SELL_257,Seller_257,Delhi,4.2,337
SELL_258,Seller_258,Chennai,2.7,439
SELL_259,Seller_259,Pune,2.6,67
SELL_260,Seller_260,Hyderabad,2.1,266
SELL_261,Seller_261,Bangalore,3.7,62
SELL_262,Seller_262,Kolkata,4.5,101
SELL_263,Seller_263,Delhi,2.4,366
SELL_264,Seller_264,Mumbai,4.1,74
SELL_265,Seller_265,Kolkata,3.1,361
SELL_266,Seller_266,Mumbai,4.7,340
SELL_267,Seller_267,Hyderabad,2.7,172
SELL_268,Seller_268,Mumbai,4.5,93
SELL_269,Seller_269,Kolkata,3.7,140
SELL_270,Seller_270,Bangalore,4.1,489
SELL_271,Seller_271,Delhi,3.8,233
SELL_272,Seller_272,Jaipur,4.3,161
SELL_273,Seller_273,Delhi,3.3,179
SELL_274,Seller_274,Delhi,2.7,366
SELL_275,Seller_275,Jaipur,3.1,63
SELL_276,Seller_276,Mumbai,3.9,366
SELL_277,Seller_277,Jaipur,4.4,105
SELL_278,Seller_278,Hyderabad,4.2,108
SELL_279,Seller_279,Mumbai,3.8,277
SELL_280,Seller_280,Delhi,3.5,106
SELL_281,Seller_281,Kolkata,4.0,304
SELL_282,Seller_282,Chennai,3.2,179
SELL_283,Seller_283,Delhi,3.7,140
SELL_284,Seller_284,Chennai,2.6,445
SELL_285,Seller_285,Pune,3.3,112
SELL_286,Seller_286,Chennai,2.2,395
SELL_287,Seller_287,Delhi,4.2,132
SELL_288,Seller_288,Hyderabad,2.6,324
SELL_289,Seller_289,Delhi,2.8,420
SELL_290,Seller_290,Jaipur,2.6,54
SELL_291,Seller_291,Delhi,3.2,385
SELL_292,Seller_292,Bangalore,3.5,349
SELL_293,Seller_293,Jaipur,4.9,157
SELL_294,Seller_294,Pune,3.9,76
SELL_295,Seller_295,Pune,3.9,475
SELL_296,Seller_296,Jaipur,3.6,114
SELL_297,Seller_297,Kolkata,4.3,133
SELL_298,Seller_298,Bangalore,2.6,481
SELL_299,Seller_299,Delhi,3.9,266
SELL_300,Seller_300,Jaipur,3.5,58
SELL_301,Seller_301,Chennai,2.4,169
SELL_302,Seller_302,Kolkata,2.5,295
SELL_303,Seller_303,Kolkata,2.3,236
SELL_304,Seller_304,Bangalore,2.2,432
SELL_305,Seller_305,Pune,3.0,320
SELL_306,Seller_306,Kolkata,3.3,464
SELL_307,Seller_307,Jaipur,2.6,80
SELL_308,Seller_308,Jaipur,4.0,272
SELL_309,Seller_309,Jaipur,3.5,425
SELL_310,Seller_310,Bangalore,3.9,402
SELL_311,Seller_311,Kolkata,3.0,152
SELL_312,Seller_312,Bangalore,2.8,359
SELL_313,Seller_313,Jaipur,3.6,221
SELL_314,Seller_314,Pune,4.4,289
SELL_315,Seller_315,Delhi,2.2,119
SELL_316,Seller_316,Chennai,2.9,260
SELL_317,Seller_317,Chennai,3.2,439
SELL_318,Seller_318,Jaipur,3.3,256
SELL_319,Seller_319,Bangalore,2.6,101
SELL_320,Seller_320,Bangalore,4.3,305
SELL_321,Seller_321,Kolkata,3.7,289
SELL_322,Seller_322,Hyderabad,3.8,140
SELL_323,Seller_323,Bangalore,3.5,166
SELL_324,Seller_324,Bangalore,3.5,470
SELL_325,Seller_325,Jaipur,3.4,81
SELL_326,Seller_326,Mumbai,2.5,115
SELL_327,Seller_327,Bangalore,4.9,236
SELL_328,Seller_328,Delhi,4.3,420
SELL_329,Seller_329,Delhi,3.1,351
SELL_330,Seller_330,Kolkata,2.7,469
SELL_331,Seller_331,Hyderabad,2.4,321
SELL_332,Seller_332,Delhi,4.6,289
SELL_333,Seller_333,Delhi,4.1,451
SELL_334,Seller_334,Jaipur,2.2,167
SELL_335,Seller_335,Kolkata,4.9,244
SELL_336,Seller_336,Chennai,4.2,111
SELL_337,Seller_337,Chennai,3.6,267
SELL_338,Seller_338,Hyderabad,3.7,111
SELL_339,Seller_339,Chennai,4.3,283
SELL_340,Seller_340,Mumbai,2.7,103
SELL_341,Seller_341,Mumbai,3.1,56
SELL_342,Seller_342,Chennai,3.1,281
SELL_343,Seller_343,Hyderabad,3.1,77
SELL_344,Seller_344,Kolkata,2.6,123
SELL_345,Seller_345,Hyderabad,4.7,166
SELL_346,Seller_346,Kolkata,2.7,170
SELL_347,Seller_347,Chennai,2.6,308
SELL_348,Seller_348,Pune,2.6,414
SELL_349,Seller_349,Delhi,4.7,104
SELL_350,Seller_350,Kolkata,4.5,399
SELL_351,Seller_351,Bangalore,4.3,289
SELL_352,Seller_352,Delhi,2.8,61
SELL_353,Seller_353,Hyderabad,3.3,445
SELL_354,Seller_354,Delhi,2.8,388
SELL_355,Seller_355,Jaipur,4.3,279
SELL_356,Seller_356,Pune,4.4,144
SELL_357,Seller_357,Hyderabad,2.5,407
SELL_358,Seller_358,Hyderabad,4.5,414
SELL_359,Seller_359,Kolkata,3.1,371
SELL_360,Seller_360,Kolkata,4.8,52
SELL_361,Seller_361,Kolkata,3.8,494
SELL_362,Seller_362,Hyderabad,2.5,498
SELL_363,Seller_363,Pune,4.4,426
SELL_364,Seller_364,Mumbai,2.1,467
SELL_365,Seller_365,Delhi,4.1,60
SELL_366,Seller_366,Kolkata,5.0,91
SELL_367,Seller_367,Pune,3.4,151
SELL_368,Seller_368,Bangalore,3.8,403
SELL_369,Seller_369,Jaipur,3.1,422
SELL_370,Seller_370,Delhi,3.0,216
SELL_371,Seller_371,Kolkata,3.7,401
SELL_372,Seller_372,Pune,4.4,369
SELL_373,Seller_373,Hyderabad,4.1,428
SELL_374,Seller_374,Hyderabad,3.7,128
SELL_375,Seller_375,Hyderabad,2.0,393
SELL_376,Seller_376,Jaipur,3.4,430
SELL_377,Seller_377,Pune,4.9,142
SELL_378,Seller_378,Jaipur,4.5,294
SELL_379,Seller_379,Kolkata,4.5,318
SELL_380,Seller_380,Pune,3.2,181
SELL_381,Seller_381,Delhi,4.3,113
SELL_382,Seller_382,Bangalore,3.7,453
SELL_383,Seller_383,Bangalore,5.0,352
SELL_384,Seller_384,Hyderabad,2.6,282
SELL_385,Seller_385,Bangalore,3.9,377
SELL_386,Seller_386,Jaipur,3.2,269
SELL_387,Seller_387,Jaipur,2.5,113
SELL_388,Seller_388,Kolkata,2.7,373
SELL_389,Seller_389,Kolkata,2.2,453
SELL_390,Seller_390,Bangalore,4.8,286
SELL_391,Seller_391,Jaipur,4.5,376
SELL_392,Seller_392,Kolkata,4.5,376
SELL_393,Seller_393,Chennai,3.3,85
SELL_394,Seller_394,Delhi,2.9,299
SELL_395,Seller_395,Jaipur,4.2,228
SELL_396,Seller_396,Kolkata,4.7,344
SELL_397,Seller_397,Pune,3.2,160
SELL_398,Seller_398,Jaipur,4.3,124
SELL_399,Seller_399,Delhi,4.8,414
SELL_400,Seller_400,Kolkata,4.2,409
SELL_401,Seller_401,Chennai,2.9,140
SELL_402,Seller_402,Bangalore,2.9,226
SELL_403,Seller_403,Pune,3.1,419
SELL_404,Seller_404,Pune,2.9,71
SELL_405,Seller_405,Mumbai,2.5,132
SELL_406,Seller_406,Bangalore,3.5,308
SELL_407,Seller_407,Hyderabad,3.3,351
SELL_408,Seller_408,Bangalore,3.7,361
SELL_409,Seller_409,Kolkata,4.6,304
SELL_410,Seller_410,Mumbai,3.7,133
SELL_411,Seller_411,Chennai,3.9,185
SELL_412,Seller_412,Kolkata,4.5,62
SELL_413,Seller_413,Delhi,4.2,210
SELL_414,Seller_414,Kolkata,4.6,58
SELL_415,Seller_415,Hyderabad,4.1,306
SELL_416,Seller_416,Delhi,2.5,293
SELL_417,Seller_417,Bangalore,3.8,372
SELL_418,Seller_418,Pune,2.7,441
SELL_419,Seller_419,Bangalore,4.0,98
SELL_420,Seller_420,Kolkata,3.2,455
SELL_421,Seller_421,Jaipur,2.3,488
SELL_422,Seller_422,Jaipur,3.9,157
SELL_423,Seller_423,Jaipur,3.3,171
SELL_424,Seller_424,Jaipur,4.3,271
SELL_425,Seller_425,Chennai,2.5,380
SELL_426,Seller_426,Hyderabad,3.9,344
SELL_427,Seller_427,Pune,2.3,105
SELL_428,Seller_428,Kolkata,4.5,161
SELL_429,Seller_429,Delhi,2.2,199
SELL_430,Seller_430,Delhi,2.2,71
SELL_431,Seller_431,Delhi,3.9,199
SELL_432,Seller_432,Chennai,2.4,73
SELL_433,Seller_433,Hyderabad,4.9,234
SELL_434,Seller_434,Delhi,3.7,233
SELL_435,Seller_435,Mumbai,2.2,454
SELL_436,Seller_436,Pune,2.3,216
SELL_437,Seller_437,Bangalore,3.4,492
SELL_438,Seller_438,Kolkata,2.1,253
SELL_439,Seller_439,Chennai,2.2,375
SELL_440,Seller_440,Chennai,2.3,168
SELL_441,Seller_441,Jaipur,2.2,297
SELL_442,Seller_442,Jaipur,2.2,301
SELL_443,Seller_443,Bangalore,4.7,216
SELL_444,Seller_444,Hyderabad,3.4,387
SELL_445,Seller_445,Kolkata,3.0,128
SELL_446,Seller_446,Kolkata,4.0,159
SELL_447,Seller_447,Pune,2.5,77
SELL_448,Seller_448,Mumbai,2.9,486
SELL_449,Seller_449,Mumbai,3.4,472
SELL_450,Seller_450,Chennai,3.3,164
SELL_451,Seller_451,Bangalore,3.2,403
SELL_452,Seller_452,Bangalore,2.4,454
SELL_453,Seller_453,Chennai,2.6,295
SELL_454,Seller_454,Chennai,3.2,70
SELL_455,Seller_455,Chennai,2.0,349
SELL_456,Seller_456,Hyderabad,2.6,223
SELL_457,Seller_457,Pune,4.2,329
SELL_458,Seller_458,Chennai,4.4,357
SELL_459,Seller_459,Mumbai,3.4,461
SELL_460,Seller_460,Kolkata,4.5,139
SELL_461,Seller_461,Hyderabad,2.3,184
SELL_462,Seller_462,Pune,4.4,356
SELL_463,Seller_463,Delhi,4.6,345
SELL_464,Seller_464,Pune,4.9,232
SELL_465,Seller_465,Delhi,2.8,403
SELL_466,Seller_466,Hyderabad,4.8,102
SELL_467,Seller_467,Bangalore,2.2,103
SELL_468,Seller_468,Bangalore,4.1,233
SELL_469,Seller_469,Chennai,2.1,474
SELL_470,Seller_470,Hyderabad,2.6,181
SELL_471,Seller_471,Delhi,3.3,214
SELL_472,Seller_472,Bangalore,3.9,81
SELL_473,Seller_473,Hyderabad,4.6,396
SELL_474,Seller_474,Bangalore,2.8,366
SELL_475,Seller_475,Chennai,4.3,252
SELL_476,Seller_476,Chennai,2.8,334
SELL_477,Seller_477,Pune,4.3,402
SELL_478,Seller_478,Bangalore,3.3,332
SELL_479,Seller_479,Mumbai,2.0,303
SELL_480,Seller_480,Bangalore,4.6,305
SELL_481,Seller_481,Delhi,4.4,114
SELL_482,Seller_482,Mumbai,2.0,285
SELL_483,Seller_483,Bangalore,3.7,103
SELL_484,Seller_484,Pune,4.8,268
SELL_485,Seller_485,Jaipur,3.0,474
SELL_486,Seller_486,Jaipur,3.6,375
SELL_487,Seller_487,Chennai,4.9,261
SELL_488,Seller_488,Kolkata,2.3,187
SELL_489,Seller_489,Pune,2.6,498
SELL_490,Seller_490,Pune,3.5,310
SELL_491,Seller_491,Pune,4.0,226
SELL_492,Seller_492,Hyderabad,2.6,222
SELL_493,Seller_493,Delhi,2.5,363
SELL_494,Seller_494,Pune,4.4,311
SELL_495,Seller_495,Delhi,3.6,205
SELL_496,Seller_496,Kolkata,3.4,152
SELL_497,Seller_497,Mumbai,2.8,156
SELL_498,Seller_498,Kolkata,2.5,493
SELL_499,Seller_499,Jaipur,3.0,164
SELL_500,Seller_500,Mumbai,3.5,102
SELL_501,Seller_501,Jaipur,2.4,70
SELL_502,Seller_502,Bangalore,3.5,135
SELL_503,Seller_503,Jaipur,2.4,153
SELL_504,Seller_504,Bangalore,3.8,302
SELL_505,Seller_505,Bangalore,3.2,117
SELL_506,Seller_506,Bangalore,3.8,456
SELL_507,Seller_507,Bangalore,4.2,81
SELL_508,Seller_508,Chennai,3.2,161
SELL_509,Seller_509,Mumbai,3.7,277
SELL_510,Seller_510,Delhi,3.3,447
SELL_511,Seller_511,Chennai,4.9,326
SELL_512,Seller_512,Pune,3.7,337
SELL_513,Seller_513,Delhi,3.3,480
SELL_514,Seller_514,Delhi,2.3,488
SELL_515,Seller_515,Pune,4.1,449
SELL_516,Seller_516,Bangalore,2.4,242
SELL_517,Seller_517,Hyderabad,3.6,143
SELL_518,Seller_518,Chennai,2.7,346
SELL_519,Seller_519,Delhi,3.5,363
SELL_520,Seller_520,Chennai,3.1,389
SELL_521,Seller_521,Delhi,3.9,216
SELL_522,Seller_522,Chennai,2.9,92
SELL_523,Seller_523,Kolkata,4.1,497
SELL_524,Seller_524,Hyderabad,3.8,165
SELL_525,Seller_525,Bangalore,4.4,130
SELL_526,Seller_526,Bangalore,2.4,207
SELL_527,Seller_527,Hyderabad,3.8,295
SELL_528,Seller_528,Jaipur,3.1,440
SELL_529,Seller_529,Bangalore,2.2,473
SELL_530,Seller_530,Chennai,4.5,121
SELL_531,Seller_531,Mumbai,2.6,145
SELL_532,Seller_532,Mumbai,4.6,450
SELL_533,Seller_533,Mumbai,4.9,179
SELL_534,Seller_534,Mumbai,4.1,226
SELL_535,Seller_535,Chennai,4.9,402
SELL_536,Seller_536,Delhi,4.6,234
SELL_537,Seller_537,Kolkata,4.1,239
SELL_538,Seller_538,Jaipur,2.2,353
SELL_539,Seller_539,Delhi,4.0,458
SELL_540,Seller_540,Bangalore,4.3,243
SELL_541,Seller_541,Chennai,2.5,333
SELL_542,Seller_542,Delhi,2.7,66
SELL_543,Seller_543,Chennai,2.3,64
SELL_544,Seller_544,Kolkata,3.3,372
SELL_545,Seller_545,Jaipur,2.2,365
SELL_546,Seller_546,Pune,3.8,86
SELL_547,Seller_547,Kolkata,3.7,151
SELL_548,Seller_548,Hyderabad,2.2,116
SELL_549,Seller_549,Mumbai,3.9,409
SELL_550,Seller_550,Bangalore,3.0,225
SELL_551,Seller_551,Jaipur,2.3,484
SELL_552,Seller_552,Pune,2.4,279
SELL_553,Seller_553,Pune,2.8,274
SELL_554,Seller_554,Kolkata,4.2,52
SELL_555,Seller_555,Pune,4.2,89
SELL_556,Seller_556,Kolkata,3.3,197
SELL_557,Seller_557,Delhi,2.7,477
SELL_558,Seller_558,Jaipur,2.0,239
SELL_559,Seller_559,Mumbai,4.5,178
SELL_560,Seller_560,Delhi,3.1,198
SELL_561,Seller_561,Delhi,4.8,342
SELL_562,Seller_562,Mumbai,2.6,352
SELL_563,Seller_563,Jaipur,4.5,179
SELL_564,Seller_564,Hyderabad,2.4,273
SELL_565,Seller_565,Jaipur,2.7,149
SELL_566,Seller_566,Chennai,2.9,287
SELL_567,Seller_567,Jaipur,2.4,193
SELL_568,Seller_568,Pune,3.7,172
SELL_569,Seller_569,Bangalore,4.8,180
SELL_570,Seller_570,Bangalore,3.1,404
SELL_571,Seller_571,Bangalore,4.2,286
SELL_572,Seller_572,Bangalore,3.5,149
SELL_573,Seller_573,Hyderabad,2.2,191
SELL_574,Seller_574,Chennai,3.3,431
SELL_575,Seller_575,Kolkata,2.7,434
SELL_576,Seller_576,Chennai,3.2,161
SELL_577,Seller_577,Pune,2.8,267
SELL_578,Seller_578,Kolkata,2.4,493
SELL_579,Seller_579,Jaipur,4.7,162
SELL_580,Seller_580,Kolkata,3.0,248
SELL_581,Seller_581,Kolkata,3.1,455
SELL_582,Seller_582,Pune,4.7,115
SELL_583,Seller_583,Chennai,3.4,176
SELL_584,Seller_584,Mumbai,3.5,185
SELL_585,Seller_585,Chennai,4.1,425
SELL_586,Seller_586,Bangalore,3.4,130
SELL_587,Seller_587,Jaipur,4.4,482
SELL_588,Seller_588,Bangalore,2.6,274
SELL_589,Seller_589,Hyderabad,3.2,355
SELL_590,Seller_590,Pune,3.7,294
SELL_591,Seller_591,Chennai,3.4,344
SELL_592,Seller_592,Pune,2.1,268
SELL_593,Seller_593,Jaipur,4.6,80
SELL_594,Seller_594,Kolkata,2.4,454
SELL_595,Seller_595,Jaipur,2.7,328
SELL_596,Seller_596,Chennai,4.9,426
SELL_597,Seller_597,Delhi,3.5,212
SELL_598,Seller_598,Mumbai,2.6,148
SELL_599,Seller_599,Hyderabad,2.9,257
SELL_600,Seller_600,Hyderabad,2.3,458
SELL_601,Seller_601,Mumbai,4.8,370
SELL_602,Seller_602,Pune,2.6,83
SELL_603,Seller_603,Bangalore,2.7,163
SELL_604,Seller_604,Bangalore,4.5,169
SELL_605,Seller_605,Chennai,4.4,498
SELL_606,Seller_606,Chennai,2.2,156
SELL_607,Seller_607,Bangalore,2.4,349
SELL_608,Seller_608,Jaipur,4.8,310
SELL_609,Seller_609,Pune,4.2,194
SELL_610,Seller_610,Jaipur,3.4,321
SELL_611,Seller_611,Jaipur,4.9,496
SELL_612,Seller_612,Mumbai,2.6,358
SELL_613,Seller_613,Delhi,2.1,83
SELL_614,Seller_614,Chennai,3.6,493
SELL_615,Seller_615,Kolkata,3.6,405
SELL_616,Seller_616,Bangalore,3.6,279
SELL_617,Seller_617,Delhi,4.9,222
SELL_618,Seller_618,Mumbai,3.3,73
SELL_619,Seller_619,Kolkata,4.7,234
SELL_620,Seller_620,Delhi,2.7,128
SELL_621,Seller_621,Hyderabad,2.0,179
SELL_622,Seller_622,Jaipur,2.5,440
SELL_623,Seller_623,Mumbai,2.7,272
SELL_624,Seller_624,Hyderabad,4.0,360
SELL_625,Seller_625,Jaipur,4.1,248
SELL_626,Seller_626,Mumbai,3.6,316
SELL_627,Seller_627,Bangalore,2.4,245
SELL_628,Seller_628,Pune,4.3,228
SELL_629,Seller_629,Pune,4.2,170
SELL_630,Seller_630,Chennai,2.2,315
SELL_631,Seller_631,Kolkata,4.6,434
SELL_632,Seller_632,Kolkata,3.7,127
SELL_633,Seller_633,Hyderabad,2.7,376
SELL_634,Seller_634,Bangalore,4.0,267
SELL_635,Seller_635,Hyderabad,4.0,471
SELL_636,Seller_636,Pune,3.9,321
SELL_637,Seller_637,Mumbai,2.5,54
SELL_638,Seller_638,Hyderabad,2.1,462
SELL_639,Seller_639,Chennai,3.1,384
SELL_640,Seller_640,Kolkata,3.4,308
SELL_641,Seller_641,Mumbai,3.4,289
SELL_642,Seller_642,Delhi,2.5,209
SELL_643,Seller_643,Hyderabad,3.3,99
SELL_644,Seller_644,Chennai,3.7,492
SELL_645,Seller_645,Chennai,3.3,98
SELL_646,Seller_646,Mumbai,3.3,337
SELL_647,Seller_647,Kolkata,3.1,383
SELL_648,Seller_648,Hyderabad,3.2,199
SELL_649,Seller_649,Delhi,4.4,237
SELL_650,Seller_650,Jaipur,3.5,81
SELL_651,Seller_651,Chennai,4.2,80
SELL_652,Seller_652,Kolkata,2.2,350
SELL_653,Seller_653,Hyderabad,2.9,138
SELL_654,Seller_654,Mumbai,4.6,263
SELL_655,Seller_655,Delhi,2.9,468
SELL_656,Seller_656,Hyderabad,3.0,257
SELL_657,Seller_657,Hyderabad,4.5,260
SELL_658,Seller_658,Jaipur,3.1,197
SELL_659,Seller_659,Delhi,2.6,227
SELL_660,Seller_660,Mumbai,3.6,388
SELL_661,Seller_661,Jaipur,2.2,375
SELL_662,Seller_662,Bangalore,2.5,152
SELL_663,Seller_663,Hyderabad,2.5,113
SELL_664,Seller_664,Delhi,3.4,258
SELL_665,Seller_665,Hyderabad,3.1,67
SELL_666,Seller_666,Delhi,2.2,478
SELL_667,Seller_667,Hyderabad,2.9,159
SELL_668,Seller_668,Hyderabad,2.9,286
SELL_669,Seller_669,Bangalore,3.8,312
SELL_670,Seller_670,Hyderabad,3.9,258
SELL_671,Seller_671,Pune,3.6,350
SELL_672,Seller_672,Pune,4.4,363
SELL_673,Seller_673,Pune,3.0,86
SELL_674,Seller_674,Chennai,3.7,208
SELL_675,Seller_675,Jaipur,4.7,464
SELL_676,Seller_676,Mumbai,2.8,457
SELL_677,Seller_677,Pune,4.8,339
SELL_678,Seller_678,Bangalore,4.7,296
SELL_679,Seller_679,Chennai,2.1,226
SELL_680,Seller_680,Jaipur,2.2,190
SELL_681,Seller_681,Delhi,4.9,198
SELL_682,Seller_682,Hyderabad,4.6,342
SELL_683,Seller_683,Kolkata,3.2,359
SELL_684,Seller_684,Chennai,4.7,149
SELL_685,Seller_685,Pune,4.6,314
SELL_686,Seller_686,Kolkata,3.7,343
SELL_687,Seller_687,Jaipur,4.8,255
SELL_688,Seller_688,Pune,4.2,55
SELL_689,Seller_689,Bangalore,2.0,353
SELL_690,Seller_690,Mumbai,3.7,402
SELL_691,Seller_691,Pune,4.0,323
SELL_692,Seller_692,Hyderabad,4.3,240
SELL_693,Seller_693,Hyderabad,4.4,335
SELL_694,Seller_694,Delhi,4.7,119
SELL_695,Seller_695,Jaipur,4.5,453
SELL_696,Seller_696,Pune,2.3,481
SELL_697,Seller_697,Mumbai,3.4,135
SELL_698,Seller_698,Chennai,2.7,232
SELL_699,Seller_699,Kolkata,4.7,227
SELL_700,Seller_700,Hyderabad,2.3,341
SELL_701,Seller_701,Bangalore,3.7,169
SELL_702,Seller_702,Pune,3.9,460
SELL_703,Seller_703,Hyderabad,4.1,253
SELL_704,Seller_704,Chennai,2.8,409
SELL_705,Seller_705,Hyderabad,3.0,360
SELL_706,Seller_706,Mumbai,3.7,336
SELL_707,Seller_707,Kolkata,3.0,226
SELL_708,Seller_708,Hyderabad,4.2,164
SELL_709,Seller_709,Chennai,3.4,371
SELL_710,Seller_710,Chennai,4.6,303
SELL_711,Seller_711,Jaipur,3.9,84
SELL_712,Seller_712,Pune,3.8,78
SELL_713,Seller_713,Hyderabad,3.8,217
SELL_714,Seller_714,Hyderabad,3.7,335
SELL_715,Seller_715,Jaipur,2.7,368
SELL_716,Seller_716,Chennai,4.9,144
SELL_717,Seller_717,Jaipur,3.1,373
SELL_718,Seller_718,Bangalore,3.5,100
SELL_719,Seller_719,Mumbai,3.8,455
SELL_720,Seller_720,Chennai,4.6,307
SELL_721,Seller_721,Mumbai,3.7,183
SELL_722,Seller_722,Pune,3.6,126
SELL_723,Seller_723,Hyderabad,4.5,351
SELL_724,Seller_724,Delhi,3.0,373
SELL_725,Seller_725,Kolkata,3.5,330
SELL_726,Seller_726,Chennai,3.4,221
SELL_727,Seller_727,Chennai,2.6,404
SELL_728,Seller_728,Pune,3.9,428
SELL_729,Seller_729,Mumbai,3.7,112
SELL_730,Seller_730,Jaipur,2.8,108
SELL_731,Seller_731,Hyderabad,3.0,105
SELL_732,Seller_732,Bangalore,2.3,400
SELL_733,Seller_733,Pune,4.2,319
SELL_734,Seller_734,Chennai,4.7,316
SELL_735,Seller_735,Chennai,4.7,458
SELL_736,Seller_736,Pune,4.8,375
SELL_737,Seller_737,Delhi,3.6,258
SELL_738,Seller_738,Delhi,3.0,484
SELL_739,Seller_739,Jaipur,4.7,145
SELL_740,Seller_740,Jaipur,2.1,213
SELL_741,Seller_741,Kolkata,3.2,257
SELL_742,Seller_742,Delhi,3.5,375
SELL_743,Seller_743,Hyderabad,3.0,434
SELL_744,Seller_744,Bangalore,3.3,435
SELL_745,Seller_745,Pune,4.5,347
SELL_746,Seller_746,Hyderabad,4.2,72
SELL_747,Seller_747,Delhi,3.0,115
SELL_748,Seller_748,Kolkata,2.8,157
SELL_749,Seller_749,Pune,4.3,87
SELL_750,Seller_750,Hyderabad,4.0,116
SELL_751,Seller_751,Delhi,2.0,139
SELL_752,Seller_752,Kolkata,2.2,382
SELL_753,Seller_753,Delhi,2.9,231
SELL_754,Seller_754,Chennai,2.2,381
SELL_755,Seller_755,Jaipur,3.2,140
SELL_756,Seller_756,Mumbai,4.5,59
SELL_757,Seller_757,Mumbai,4.1,386
SELL_758,Seller_758,Hyderabad,3.2,68
SELL_759,Seller_759,Kolkata,4.3,127
SELL_760,Seller_760,Delhi,2.6,427
SELL_761,Seller_761,Bangalore,2.4,471
SELL_762,Seller_762,Bangalore,3.6,463
SELL_763,Seller_763,Pune,4.5,483
SELL_764,Seller_764,Bangalore,2.3,287
SELL_765,Seller_765,Kolkata,3.2,500
SELL_766,Seller_766,Mumbai,3.8,254
SELL_767,Seller_767,Mumbai,4.0,499
SELL_768,Seller_768,Delhi,4.8,442
SELL_769,Seller_769,Jaipur,2.5,349
SELL_770,Seller_770,Kolkata,4.7,187
SELL_771,Seller_771,Hyderabad,4.5,290
SELL_772,Seller_772,Chennai,3.1,191
SELL_773,Seller_773,Delhi,2.7,444
SELL_774,Seller_774,Kolkata,3.5,167
SELL_775,Seller_775,Pune,4.9,364
SELL_776,Seller_776,Hyderabad,3.6,131
SELL_777,Seller_777,Mumbai,3.5,431
SELL_778,Seller_778,Bangalore,4.2,168
SELL_779,Seller_779,Pune,3.8,149
SELL_780,Seller_780,Mumbai,2.7,249
SELL_781,Seller_781,Jaipur,4.3,421
SELL_782,Seller_782,Jaipur,4.0,404
SELL_783,Seller_783,Hyderabad,2.4,136
SELL_784,Seller_784,Pune,3.8,428
SELL_785,Seller_785,Kolkata,4.0,173
SELL_786,Seller_786,Jaipur,2.4,215
SELL_787,Seller_787,Kolkata,4.7,417
SELL_788,Seller_788,Hyderabad,4.2,455
SELL_789,Seller_789,Pune,3.4,321
SELL_790,Seller_790,Pune,3.1,228
SELL_791,Seller_791,Mumbai,4.5,191
SELL_792,Seller_792,Mumbai,2.4,484
SELL_793,Seller_793,Jaipur,4.2,423
SELL_794,Seller_794,Kolkata,2.5,61
SELL_795,Seller_795,Chennai,4.1,265
SELL_796,Seller_796,Chennai,2.1,312
SELL_797,Seller_797,Mumbai,4.5,209
SELL_798,Seller_798,Hyderabad,4.6,496
SELL_799,Seller_799,Delhi,3.4,324
SELL_800,Seller_800,Pune,3.2,163
SELL_801,Seller_801,Jaipur,4.1,407
SELL_802,Seller_802,Pune,2.0,70
SELL_803,Seller_803,Chennai,4.9,60
SELL_804,Seller_804,Mumbai,2.2,379
SELL_805,Seller_805,Chennai,4.6,96
SELL_806,Seller_806,Kolkata,4.5,125
SELL_807,Seller_807,Kolkata,3.8,221
SELL_808,Seller_808,Jaipur,2.5,88
SELL_809,Seller_809,Jaipur,4.7,179
SELL_810,Seller_810,Mumbai,4.4,347
SELL_811,Seller_811,Delhi,2.5,252
SELL_812,Seller_812,Jaipur,3.8,98
SELL_813,Seller_813,Pune,3.4,474
SELL_814,Seller_814,Hyderabad,2.3,184
SELL_815,Seller_815,Bangalore,4.7,281
SELL_816,Seller_816,Hyderabad,2.1,451
SELL_817,Seller_817,Bangalore,2.3,145
SELL_818,Seller_818,Mumbai,2.7,482
SELL_819,Seller_819,Pune,2.5,235
SELL_820,Seller_820,Kolkata,3.3,295
SELL_821,Seller_821,Pune,4.4,153
SELL_822,Seller_822,Delhi,3.1,395
SELL_823,Seller_823,Jaipur,4.4,147
SELL_824,Seller_824,Chennai,4.7,319
SELL_825,Seller_825,Pune,2.8,434
SELL_826,Seller_826,Bangalore,4.9,305
SELL_827,Seller_827,Bangalore,2.8,207
SELL_828,Seller_828,Jaipur,2.5,390
SELL_829,Seller_829,Kolkata,4.2,179
SELL_830,Seller_830,Pune,4.2,375
SELL_831,Seller_831,Kolkata,2.2,467
SELL_832,Seller_832,Pune,3.8,129
SELL_833,Seller_833,Chennai,4.2,481
SELL_834,Seller_834,Kolkata,3.5,184
SELL_835,Seller_835,Kolkata,2.0,283
SELL_836,Seller_836,Pune,3.3,451
SELL_837,Seller_837,Kolkata,2.4,254
SELL_838,Seller_838,Chennai,4.7,348
SELL_839,Seller_839,Pune,2.4,330
SELL_840,Seller_840,Kolkata,4.8,317
SELL_841,Seller_841,Kolkata,3.4,143
SELL_842,Seller_842,Pune,3.2,74
SELL_843,Seller_843,Hyderabad,3.7,229
SELL_844,Seller_844,Mumbai,2.2,419
SELL_845,Seller_845,Delhi,4.2,101
SELL_846,Seller_846,Pune,3.2,450
SELL_847,Seller_847,Jaipur,3.1,326
SELL_848,Seller_848,Chennai,4.6,67
SELL_849,Seller_849,Pune,4.9,313
SELL_850,Seller_850,Pune,4.4,183
SELL_851,Seller_851,Delhi,3.0,194
SELL_852,Seller_852,Jaipur,4.3,111
SELL_853,Seller_853,Chennai,2.1,454
SELL_854,Seller_854,Bangalore,3.8,293
SELL_855,Seller_855,Chennai,4.2,479
SELL_856,Seller_856,Kolkata,4.1,56
SELL_857,Seller_857,Kolkata,4.2,307
SELL_858,Seller_858,Bangalore,4.1,494
SELL_859,Seller_859,Delhi,2.1,442
SELL_860,Seller_860,Pune,2.1,138
SELL_861,Seller_861,Kolkata,4.3,462
SELL_862,Seller_862,Pune,2.4,431
SELL_863,Seller_863,Hyderabad,2.4,392
SELL_864,Seller_864,Pune,2.4,101
SELL_865,Seller_865,Hyderabad,4.2,126
SELL_866,Seller_866,Kolkata,4.2,316
SELL_867,Seller_867,Chennai,4.3,187
SELL_868,Seller_868,Pune,3.8,141
SELL_869,Seller_869,Jaipur,2.2,68
SELL_870,Seller_870,Kolkata,4.4,192
SELL_871,Seller_871,Pune,3.7,486
SELL_872,Seller_872,Jaipur,3.6,379
SELL_873,Seller_873,Mumbai,3.9,88
SELL_874,Seller_874,Delhi,2.8,387
SELL_875,Seller_875,Jaipur,2.7,98
SELL_876,Seller_876,Bangalore,5.0,230
SELL_877,Seller_877,Delhi,2.9,85
SELL_878,Seller_878,Pune,2.9,72
SELL_879,Seller_879,Pune,2.9,475
SELL_880,Seller_880,Delhi,4.4,328
SELL_881,Seller_881,Chennai,2.8,473
SELL_882,Seller_882,Mumbai,2.7,489
SELL_883,Seller_883,Hyderabad,4.9,221
SELL_884,Seller_884,Hyderabad,3.9,276
SELL_885,Seller_885,Chennai,3.9,407
SELL_886,Seller_886,Mumbai,2.3,272
SELL_887,Seller_887,Jaipur,3.5,110
SELL_888,Seller_888,Pune,2.4,423
SELL_889,Seller_889,Jaipur,4.9,477
SELL_890,Seller_890,Mumbai,3.9,363
SELL_891,Seller_891,Kolkata,2.2,51
SELL_892,Seller_892,Bangalore,3.0,329
SELL_893,Seller_893,Pune,4.2,205
SELL_894,Seller_894,Mumbai,2.1,61
SELL_895,Seller_895,Jaipur,2.3,309
SELL_896,Seller_896,Bangalore,5.0,54
SELL_897,Seller_897,Bangalore,2.3,323
SELL_898,Seller_898,Pune,2.8,325
SELL_899,Seller_899,Kolkata,3.9,112
SELL_900,Seller_900,Bangalore,3.5,281
SELL_901,Seller_901,Kolkata,3.0,201
SELL_902,Seller_902,Bangalore,2.8,303
SELL_903,Seller_903,Jaipur,4.8,98
SELL_904,Seller_904,Hyderabad,4.4,403
SELL_905,Seller_905,Bangalore,3.3,353
SELL_906,Seller_906,Jaipur,4.0,192
SELL_907,Seller_907,Bangalore,4.5,182
SELL_908,Seller_908,Delhi,3.0,220
SELL_909,Seller_909,Bangalore,3.8,277
SELL_910,Seller_910,Pune,3.1,369
SELL_911,Seller_911,Chennai,3.8,249
SELL_912,Seller_912,Mumbai,4.3,111
SELL_913,Seller_913,Kolkata,4.1,464
SELL_914,Seller_914,Delhi,2.6,87
SELL_915,Seller_915,Delhi,2.1,285
SELL_916,Seller_916,Kolkata,2.5,407
SELL_917,Seller_917,Mumbai,2.6,392
SELL_918,Seller_918,Chennai,2.8,177
SELL_919,Seller_919,Bangalore,3.2,287
SELL_920,Seller_920,Kolkata,4.8,189
SELL_921,Seller_921,Hyderabad,2.8,488
SELL_922,Seller_922,Jaipur,3.0,87
SELL_923,Seller_923,Pune,2.5,490
SELL_924,Seller_924,Kolkata,4.9,423
SELL_925,Seller_925,Kolkata,2.0,441
SELL_926,Seller_926,Chennai,4.6,302
SELL_927,Seller_927,Bangalore,3.6,417
SELL_928,Seller_928,Pune,4.9,451
SELL_929,Seller_929,Hyderabad,4.0,280
SELL_930,Seller_930,Hyderabad,4.6,374
SELL_931,Seller_931,Pune,4.1,116
SELL_932,Seller_932,Hyderabad,3.2,210
SELL_933,Seller_933,Delhi,4.0,347
SELL_934,Seller_934,Jaipur,2.8,374
SELL_935,Seller_935,Hyderabad,4.0,453
SELL_936,Seller_936,Bangalore,4.6,323
SELL_937,Seller_937,Pune,4.3,286
SELL_938,Seller_938,Jaipur,2.6,72
SELL_939,Seller_939,Chennai,3.9,106
SELL_940,Seller_940,Chennai,3.3,389
SELL_941,Seller_941,Delhi,4.4,228
SELL_942,Seller_942,Hyderabad,4.2,263
SELL_943,Seller_943,Kolkata,4.9,473
SELL_944,Seller_944,Mumbai,4.3,478
SELL_945,Seller_945,Hyderabad,4.0,256
SELL_946,Seller_946,Jaipur,4.0,251
SELL_947,Seller_947,Hyderabad,4.5,172
SELL_948,Seller_948,Chennai,3.2,233
SELL_949,Seller_949,Jaipur,3.7,378
SELL_950,Seller_950,Delhi,5.0,102
SELL_951,Seller_951,Jaipur,3.7,378
SELL_952,Seller_952,Bangalore,2.3,242
SELL_953,Seller_953,Bangalore,4.1,75
SELL_954,Seller_954,Mumbai,3.8,447
SELL_955,Seller_955,Mumbai,3.8,475
SELL_956,Seller_956,Delhi,4.2,419
SELL_957,Seller_957,Jaipur,4.4,215
SELL_958,Seller_958,Hyderabad,4.9,498
SELL_959,Seller_959,Kolkata,4.1,396
SELL_960,Seller_960,Hyderabad,2.7,464
SELL_961,Seller_961,Pune,4.6,261
SELL_962,Seller_962,Pune,4.2,414
SELL_963,Seller_963,Pune,2.1,491
SELL_964,Seller_964,Hyderabad,2.2,309
SELL_965,Seller_965,Hyderabad,4.7,144
SELL_966,Seller_966,Delhi,4.8,50
SELL_967,Seller_967,Pune,4.8,193
SELL_968,Seller_968,Bangalore,4.4,343
SELL_969,Seller_969,Mumbai,3.5,70
SELL_970,Seller_970,Hyderabad,3.1,390
SELL_971,Seller_971,Mumbai,2.5,317
SELL_972,Seller_972,Pune,4.5,391
SELL_973,Seller_973,Pune,4.3,263
SELL_974,Seller_974,Hyderabad,4.4,338
SELL_975,Seller_975,Mumbai,2.4,282
SELL_976,Seller_976,Pune,4.0,75
SELL_977,Seller_977,Mumbai,4.6,114
SELL_978,Seller_978,Jaipur,3.5,291
SELL_979,Seller_979,Bangalore,3.8,455
SELL_980,Seller_980,Delhi,2.7,242
SELL_981,Seller_981,Kolkata,4.5,383
SELL_982,Seller_982,Jaipur,4.8,385
SELL_983,Seller_983,Chennai,2.1,352
SELL_984,Seller_984,Pune,3.0,75
SELL_985,Seller_985,Bangalore,3.6,85
SELL_986,Seller_986,Bangalore,3.7,468
SELL_987,Seller_987,Bangalore,4.9,174
SELL_988,Seller_988,Hyderabad,4.2,329
SELL_989,Seller_989,Kolkata,2.4,57
SELL_990,Seller_990,Bangalore,2.8,270
SELL_991,Seller_991,Mumbai,4.3,490
SELL_992,Seller_992,Kolkata,4.3,500
SELL_993,Seller_993,Jaipur,3.8,241
SELL_994,Seller_994,Pune,4.7,498
SELL_995,Seller_995,Delhi,2.2,432
SELL_996,Seller_996,Jaipur,4.3,262
SELL_997,Seller_997,Bangalore,4.2,442
SELL_998,Seller_998,Mumbai,4.5,303
SELL_999,Seller_999,Hyderabad,2.5,170
SELL_1000,Seller_1000,Hyderabad,3.5,308
